Pais	Provincia	ID_ALPI	Localidad_ALPI	Nombre_actual	Nombre_completo	longitude	latitude
Andorra	Andorra	700	Encamp	Encamp 	Encamp ,Andorra,Andorra	1.6566377	42.5194138
España	Álava	429	Zuaza	Zuaza 	Zuaza ,Álava,España	-3.0491694	43.0999987
España	Álava	430	Sarría	Sarria 	Sarria ,Álava,España	-2.8246813	42.9659184
España	Álava	431	Ozaeta	Ozaeta 	Ozaeta ,Álava,España	-2.4944483	42.9169822
España	Álava	432	San Vicente de Arana	San Vicente de Arana/Done Bikendi Harana 	San Vicente de Arana/Done Bikendi Harana ,Álava,España	-2.3610035	42.7438085
España	Albacete	482	Munera	Munera 	Munera ,Albacete,España	-2.4783117	39.0424927
España	Albacete	483	Tarazona de la Mancha	Tarazona de la Mancha 	Tarazona de la Mancha ,Albacete,España	-1.912995	39.2651188
España	Albacete	484	Casas de Ves	Casas de Ves 	Casas de Ves ,Albacete,España	-1.3330645	39.2578708
España	Albacete	485	Higueruela	Higueruela 	Higueruela ,Albacete,España	-1.4422609	38.9618433
España	Albacete	486	Peñas de San Pedro	Peñas de San Pedro 	Peñas de San Pedro ,Albacete,España	-2.0010004	38.7256513
España	Albacete	487	Caudete de la Encina	Caudete 	Caudete ,Albacete,España	-1.0011902	38.7116011
España	Albacete	488	Letur	Letur 	Letur ,Albacete,España	-2.1014619	38.3656261
España	Albacete	489	Agramón	Agramón 	Agramón ,Albacete,España	-1.637958	38.4233772
España	Alicante/Alacant	781	Biar	Biar 	Biar ,Alicante/Alacant,España	-0.7663538	38.6308202
España	Alicante/Alacant	782	Benilloba	Benilloba 	Benilloba ,Alicante/Alacant,España	-0.3883735	38.7001669
España	Alicante/Alacant	783	Benialí	Beniali 	Beniali ,Alicante/Alacant,España	-0.2211143	38.8220534
España	Alicante/Alacant	784	Calp	Calpe/Calp 	Calpe/Calp ,Alicante/Alacant,España	0.04568759999999999	38.6436469
España	Alicante/Alacant	785	El Pinós	El Pinós/Pinoso 	El Pinós/Pinoso ,Alicante/Alacant,España	-1.0411107	38.4035164
España	Alicante/Alacant	786	Monforte	Monforte del Cid	Monforte del Cid,Alicante/Alacant,España	-0.7283354	38.3788429
España	Alicante/Alacant	787	 El Campello	El Campello 	El Campello ,Alicante/Alacant,España	-0.397816	38.4289804
España	Alicante/Alacant	788	Crevillent	Crevillent 	Crevillent ,Alicante/Alacant,España	-0.8113636	38.2446844
España	Alicante/Alacant	789	Dolores	Dolores 	Dolores ,Alicante/Alacant,España	-0.7698073	38.138686
España	Alicante/Alacant	790	Guardamar	Guardamar del Segura 	Guardamar del Segura ,Alicante/Alacant,España	-0.6678177	38.0718346
España	Almería	553	Fiñana	Fiñana 	Fiñana ,Almería,España	-2.8415046	37.1709472
España	Almería	554	Suflí	Suflí 	Suflí ,Almería,España	-2.389076	37.3383263
España	Almería	555	Taberno	Taberno 	Taberno ,Almería,España	-2.0781641	37.469275
España	Almería	556	La Alquería de Adra	La Alquería 	La Alquería ,Almería,España	-3.0014491	36.77825139999999
España	Almería	557	Alicún de Almería	Alicún 	Alicún ,Almería,España	-2.6024935	36.96632140000001
España	Almería	558	Cabo de Gata	Cabo de Gata 	Cabo de Gata ,Almería,España	-2.2422484	36.7817465
España	Almería	559	Lucainena de las Torres	Lucainena de las Torres 	Lucainena de las Torres ,Almería,España	-2.201005	37.0407929
España	Almería	560	Mojácar	Mojácar 	Mojácar ,Almería,España	-1.8611011	37.1220313
España	Asturias	300	Salgueiras	Salgueiras 	Salgueiras ,Asturias,España	-7.0253146	43.318987
España	Asturias	301	As Campas	Las Campas	Las Campas,Asturias,España	-5.887406100000001	43.3649399
España	Asturias	302	Freal	Freal 	Freal ,Asturias,España	-6.681689	43.54571749999999
España	Asturias	303	Boal	Boal 	Boal ,Asturias,España	-6.8196922	43.4289894
España	Asturias	304	Busmente	Busmente 	Busmente ,Asturias,España	-6.6902116	43.4243513
España	Asturias	305	Navelgas	Navelgas 	Navelgas ,Asturias,España	-6.543981199999999	43.40402
España	Asturias	306	Santa Eulalia	Santa Eulalia 	Santa Eulalia ,Asturias,España	-5.8119817	43.3179731
España	Asturias	307	Soto de la Barca	Soto de la Barca 	Soto de la Barca ,Asturias,España	-6.3927634	43.2942012
España	Asturias	308	Pola de Somiedo	Pola de Somiedo 	Pola de Somiedo ,Asturias,España	-6.2559458	43.0926945
España	Asturias	309	Villanueva de Teberga	Teverga	Teverga,Asturias,España	-6.0965651	43.161964
España	Asturias	310	La Mata	La Mata 	La Mata ,Asturias,España	-6.0179733	43.3287032
España	Asturias	311	Santiago del Monte	Santiago del Monte 	Santiago del Monte ,Asturias,España	-6.0260701	43.5500295
España	Asturias	312	San Martín de Podes	Podes 	Podes ,Asturias,España	-5.890514	43.6122839
España	Asturias	313	Llantones	Llantones 	Llantones ,Asturias,España	-5.6829758	43.4788187
España	Asturias	314	Cenera	Cenera 	Cenera ,Asturias,España	-5.818572899999999	43.2176497
España	Asturias	315	Felechosa	Felechosa 	Felechosa ,Asturias,España	-5.5099027	43.1046357
España	Asturias	316	Malveda	La Malveda 	La Malveda ,Asturias,España	-5.8593267000000004	43.3613953
España	Asturias	317	Cimalavilla	Parroquia de Lada, Langreo 	Parroquia de Lada, Langreo ,Asturias,España	-5.709274	43.3012475
España	Asturias	318	Nozaleda	La Nozaleda 	La Nozaleda ,Asturias,España	-5.291665800000001	43.4760362
España	Asturias	319	Pintueles	Pintueles 	Pintueles ,Asturias,España	-5.3550304	43.3757627
España	Asturias	320	Sames	Sames 	Sames ,Asturias,España	-5.129038899999999	43.2696933
España	Asturias	321	Los Carriles	Los Carriles 	Los Carriles ,Asturias,España	-4.9295898	43.4139583
España	Asturias	322	Cimiano	Cimiano 	Cimiano ,Asturias,España	-4.5746945	43.3232314
España	Asturias	323	Cuantas	Cuantas	Cuantas,Asturias,España	-6.8751434	43.033303
España	Ávila	449	Hernansancho	Hernansancho 	Hernansancho ,Ávila,España	-4.729693	40.8575483
España	Ávila	450	Grajos	San Juan del Olmo 	San Juan del Olmo ,Ávila,España	-5.0514117	40.653132
España	Ávila	451	La Horcajada	La Horcajada 	La Horcajada ,Ávila,España	-5.466641000000001	40.43648719999999
España	Ávila	452	Santa Cruz del Valle	Santa Cruz del Valle 	Santa Cruz del Valle ,Ávila,España	-5.001345499999999	40.2533492
España	Ávila	453	Las Navas del Marqués	Las Navas del Marqués 	Las Navas del Marqués ,Ávila,España	-4.3333954	40.60182760000001
España	Badajoz	368	Alburquerque	Alburquerque 	Alburquerque ,Badajoz,España	-7.0000241	39.2192059
España	Badajoz	369	Talavera la Real	Talavera la Real 	Talavera la Real ,Badajoz,España	-6.7694752	38.8763754
España	Badajoz	370	Campanario	Campanario 	Campanario ,Badajoz,España	-5.6170784	38.8633522
España	Badajoz	371	Almendral	Almendral 	Almendral ,Badajoz,España	-6.821031899999999	38.6134369
España	Badajoz	372	Fuente del Maestre	Fuente del Maestre 	Fuente del Maestre ,Badajoz,España	-6.4490114	38.5267275
España	Badajoz	373	Hornachos	Hornachos 	Hornachos ,Badajoz,España	-6.069243200000001	38.5522584
España	Badajoz	374	Valle de Santa Ana	Valle de Santa Ana 	Valle de Santa Ana ,Badajoz,España	-6.7892226	38.3657822
España	Badajoz	375	Ahillones	Ahillones 	Ahillones ,Badajoz,España	-5.865061400000001	38.2591386
España	Badajoz	376	Valencia del Mombuey	Valencia del Mombuey 	Valencia del Mombuey ,Badajoz,España	-7.1191138	38.242282
España	Badajoz	377	Calera de León	Calera de León	Calera de León,Badajoz,España	-6.3365657	38.1070754
España	Balears (Illes)/[Baleares (Islas)]	791	Sant Joan Baptista	Sant Joan de Labritja 	Sant Joan de Labritja ,Balears (Illes)/[Baleares (Islas)],España	1.513238	39.078739
España	Balears (Illes)/[Baleares (Islas)]	792	Eivissa (Ibiza)	Eivissa 	Eivissa ,Balears (Illes)/[Baleares (Islas)],España	1.4821482	39.0200099
España	Balears (Illes)/[Baleares (Islas)]	793	Calvià	Calviá 	Calviá ,Balears (Illes)/[Baleares (Islas)],España	3.0175712	39.6952629
España	Balears (Illes)/[Baleares (Islas)]	794	Sóller	Sóller 	Sóller ,Balears (Illes)/[Baleares (Islas)],España	3.0175712	39.6952629
España	Balears (Illes)/[Baleares (Islas)]	795	Pollensa	Pollença 	Pollença ,Balears (Illes)/[Baleares (Islas)],España	3.0162026	39.8771939
España	Balears (Illes)/[Baleares (Islas)]	796	Sineu	Sineu 	Sineu ,Balears (Illes)/[Baleares (Islas)],España	3.008815	39.6426503
España	Balears (Illes)/[Baleares (Islas)]	797	Campos	Campos 	Campos ,Balears (Illes)/[Baleares (Islas)],España	3.0189403	39.432579
España	Balears (Illes)/[Baleares (Islas)]	798	Felanitx	Felanitx 	Felanitx ,Balears (Illes)/[Baleares (Islas)],España	3.0175712	39.6952629
España	Balears (Illes)/[Baleares (Islas)]	799	Manacor	Manacor 	Manacor ,Balears (Illes)/[Baleares (Islas)],España	3.0175712	39.6952629
España	Balears (Illes)/[Baleares (Islas)]	800	Son Servera	Son Servera 	Son Servera ,Balears (Illes)/[Baleares (Islas)],España	3.0175712	39.6952629
España	Balears (Illes)/[Baleares (Islas)]	801	Capdepera	Capdepera 	Capdepera ,Balears (Illes)/[Baleares (Islas)],España	3.4353222	39.7023646
España	Balears (Illes)/[Baleares (Islas)]	802	Ciutadella (Ciudadela)	Ciutadella 	Ciutadella ,Balears (Illes)/[Baleares (Islas)],España	4.1104449	39.9496287
España	Balears (Illes)/[Baleares (Islas)]	803	Maó (Mahón)	Mahón 	Mahón ,Balears (Illes)/[Baleares (Islas)],España	4.1104449	39.9496287
España	Barcelona	732	La Valldan	Sant Bartomeu 	Sant Bartomeu ,Barcelona,España	2.1346049	41.375537
España	Barcelona	733	Sant Bartomeu del Grau	Sant Bartomeu del Grau 	Sant Bartomeu del Grau ,Barcelona,España	2.1548473	41.9689099
España	Barcelona	734	Santpedor	Santpedor 	Santpedor ,Barcelona,España	1.83671	41.7808385
España	Barcelona	735	Castellterçol	Castellterçol 	Castellterçol ,Barcelona,España	2.1199	41.7503185
España	Barcelona	736	Sant Martí de Sesgueioles	Sant Martí Sesgueioles 	Sant Martí Sesgueioles ,Barcelona,España	1.4912187	41.7018468
España	Barcelona	737	Viladecavalls	Viladecavalls	Viladecavalls,Barcelona,España	1.9588007	41.5546052
España	Barcelona	738	Llinars del Vallès	Llinars del Vallès 	Llinars del Vallès ,Barcelona,España	2.3912362	41.6262792
España	Barcelona	739	La Granada del Penedès	La Granada 	La Granada ,Barcelona,España	1.7222535	41.3758318
España	Barcelona	740	Cornellá de Llobregat	Cornellá de Llobregat	Cornellá de Llobregat,Barcelona,España	2.0707159	41.3573827
España	Burgos	418	Manzanedo	Valle de Manzanedo 	Valle de Manzanedo ,Burgos,España	-3.6916743	42.8988498
España	Burgos	419	Castrobarto	Castrobarto	Castrobarto,Burgos,España	-3.3879386	43.0423351
España	Burgos	420	Villalba de la Losa	Villalba de la Losa	Villalba de la Losa,Burgos,España	-3.0879432000000002	42.9353782
España	Burgos	421	Sotresgudo	Sotresgudo	Sotresgudo,Burgos,España	-4.1767312	42.5785188
España	Burgos	422	Hontomín	Hontomín	Hontomín,Burgos,España	-3.6376137	42.57116
España	Burgos	423	Vallarta de Bureba	Vallarta de Bureba	Vallarta de Bureba,Burgos,España	-3.2049594	42.5877176
España	Burgos	424	Treviño	Treviño	Treviño,Burgos,España	-2.7466046	42.73411369999999
España	Burgos	425	Pampliega	Pampliega	Pampliega,Burgos,España	-3.9872049	42.2047367
España	Burgos	426	Pinilla de los Moros	Pinilla de los Moros	Pinilla de los Moros,Burgos,España	-3.3272445	42.068112
España	Burgos	427	Villanueva de Gumiel	Villanueva de Gumiel 	Villanueva de Gumiel ,Burgos,España	-3.6319131	41.7332684
España	Cáceres	360	Valverde del Fresno	Valverde del Fresno 	Valverde del Fresno ,Cáceres,España	-6.8793335	40.2206497
España	Cáceres	361	Pinofranqueado	Pinofranqueado 	Pinofranqueado ,Cáceres,España	-6.3319125	40.3027878
España	Cáceres	362	Eljas	Eljas 	Eljas ,Cáceres,España	-6.8451504	40.21568000000001
España	Cáceres	363	Jarandilla	Jarandilla de la Vera 	Jarandilla de la Vera ,Cáceres,España	-5.708940999999999	40.12627
España	Cáceres	364	Ceclavín	Ceclavín 	Ceclavín ,Cáceres,España	-6.7732986	39.8222392
España	Cáceres	365	Ferreira de Alcántara	Herrera de Alcántara 	Herrera de Alcántara ,Cáceres,España	-7.405017099999998	39.6380641
España	Cáceres	366	Aliseda	Aliseda 	Aliseda ,Cáceres,España	-6.6918828	39.4246998
España	Cáceres	367	Madroñera	Madroñera 	Madroñera ,Cáceres,España	-5.757632	39.4256677
España	Cádiz	532	El Bosque	El Bosque 	El Bosque ,Cádiz,España	-5.5061788	36.75800419999999
España	Cádiz	533	Chiclana de la Frontera	Chiclana de la Frontera 	Chiclana de la Frontera ,Cádiz,España	-6.1461102	36.4165052
España	Cádiz	534	Alcalá de los Gazules	Alcalá de Los Gazules 	Alcalá de Los Gazules ,Cádiz,España	-5.7245344	36.4617479
España	Cádiz	535	Tarifa	Tarifa	Tarifa,Cádiz,España	-5.6044497	36.0143209
España	Cantabria	400	Valle de Cabuérniga	Valle	Valle,Cantabria,España	-3.526252	43.2782888
España	Cantabria	401	Yermo	Yermo 	Yermo ,Cantabria,España	-4.0818438	43.307952
España	Cantabria	402	Miera	Miera 	Miera ,Cantabria,España	-3.7130493	43.2790287
España	Cantabria	403	Balbacienta	Balbacienta 	Balbacienta ,Cantabria,España	-3.3122603	43.3574212
España	Cantabria	404	Espinama	Espinama 	Espinama ,Cantabria,España	-4.7869597	43.12836799999999
España	Cantabria	405	Vega de Liébana	Vega de Liébana 	Vega de Liébana ,Cantabria,España	-4.6657027	43.06045690000001
España	Cantabria	406	Tudanca	Tudanca 	Tudanca ,Cantabria,España	-4.3735365	43.1521484
España	Cantabria	407	Vega de Pas	Vega de Pas 	Vega de Pas ,Cantabria,España	-3.7822445	43.1577629
España	Cantabria	408	Bustantegua	Bustantegua 	Bustantegua ,Cantabria,España	-3.762778	43.214444
España	Cantabria	409	Veguilla	Veguilla 	Veguilla ,Cantabria,España	-4.099072899999999	43.3584542
España	Cantabria	410	La Costana	La Costana 	La Costana ,Cantabria,España	-4.0050798	43.0160504
España	Cantabria	411	Resconorio	Resconorio 	Resconorio ,Cantabria,España	-3.864444	43.073056
España	Castellón/Castelló	750	Cinctorres	Cinctorres 	Cinctorres ,Castellón/Castelló,España	-0.2168597	40.5837464
España	Castellón/Castelló	751	La Pobla de Benifassà	La Pobla de Benifassá 	La Pobla de Benifassá ,Castellón/Castelló,España	0.1568135	40.6564686
España	Castellón/Castelló	752	Vilar de Canes	Vilar de Canes 	Vilar de Canes ,Castellón/Castelló,España	-0.0662099	40.35827889999999
España	Castellón/Castelló	753	Peñíscola	Peñíscola 	Peñíscola ,Castellón/Castelló,España	0.3654204	40.3593167
España	Castellón/Castelló	754	Vistabella del Maestrat	Vistabella del Maestrazgo 	Vistabella del Maestrazgo ,Castellón/Castelló,España	-0.2931178	40.29381370000001
España	Castellón/Castelló	755	Castillo de Villamalefa	Castillo de Villamalefa 	Castillo de Villamalefa ,Castellón/Castelló,España	-0.3792495	40.13025529999999
España	Castellón/Castelló	756	Fanzara	Fanzara 	Fanzara ,Castellón/Castelló,España	-0.3157348	40.0189724
España	Castellón/Castelló	757	Alcora	L'Alcora 	L'Alcora ,Castellón/Castelló,España	-0.2139151	40.0746462
España	Castellón/Castelló	758	Oropesa del Mar	Oropesa del Mar/Oropesa 	Oropesa del Mar/Oropesa ,Castellón/Castelló,España	0.1424781	40.0914103
España	Castellón/Castelló	759	Teresa de Begís	Teresa 	Teresa ,Castellón/Castelló,España	-0.6725609	39.8919645
España	Castellón/Castelló	760	Azuébar	Azuébar 	Azuébar ,Castellón/Castelló,España	-0.3686027	39.8344429
España	Castellón/Castelló	761	Aín	Aín 	Aín ,Castellón/Castelló,España	-0.3410107	39.9001543
España	Castellón/Castelló	762	Moncofa	Moncofa 	Moncofa ,Castellón/Castelló,España	-0.1470569	39.8088264
España	Ciudad Real	475	Puebla de Don Rodrigo	Puebla de Don Rodrigo 	Puebla de Don Rodrigo ,Ciudad Real,España	-4.6657027	39.123638
España	Ciudad Real	476	Alcolea de Calatrava	Alcolea de Calatrava 	Alcolea de Calatrava ,Ciudad Real,España	-4.1168383	38.9869438
España	Ciudad Real	477	Villarrubia de Los Ojos	Villarrubia de Los Ojos 	Villarrubia de Los Ojos ,Ciudad Real,España	-3.607666099999999	39.21921529999999
España	Ciudad Real	478	Pedro Muñoz	Pedro Muñoz 	Pedro Muñoz ,Ciudad Real,España	-2.945068	39.4001148
España	Ciudad Real	479	Fuencaliente	Fuencaliente 	Fuencaliente ,Ciudad Real,España	-4.3038709	38.4048879
España	Ciudad Real	480	Viso del Marqués	Viso del Marqués 	Viso del Marqués ,Ciudad Real,España	-3.562291	38.5215968
España	Ciudad Real	481	Carrizosa	Carrizosa	Carrizosa,Ciudad Real,España	-2.9919325	38.8405154
España	Córdoba	500	Belalcázar	Belalcázar 	Belalcázar ,Córdoba,España	-5.1679715	38.5745429
España	Córdoba	501	Pedroche	Pedroche 	Pedroche ,Córdoba,España	-4.7484518	38.4520678
España	Córdoba	502	Fuenteovejuna	Fuente Obejuna 	Fuente Obejuna ,Córdoba,España	-5.418828299999999	38.266773
España	Córdoba	503	Villaviciosa	Villaviciosa de Córdoba 	Villaviciosa de Córdoba ,Córdoba,España	-5.016945799999999	38.0765607
España	Córdoba	504	Adamuz	Adamuz 	Adamuz ,Córdoba,España	-4.5224821	38.0279649
España	Córdoba	505	Hornachuelos	Hornachuelos 	Hornachuelos ,Córdoba,España	-5.246899099999999	37.8347023
España	Córdoba	506	La Carlota	La Carlota 	La Carlota ,Córdoba,España	-4.9337946	37.6726446
España	Córdoba	507	Doña Mencía	Doña Mencía 	Doña Mencía ,Córdoba,España	-4.3577976	37.5544848
España	A Coruña / A Coruña	100	Sismundi (Santo Estevo)	Sismundi (Santo Estevo) 	Sismundi (Santo Estevo) ,A Coruña / A Coruña,España	-7.875231499999999	43.7085015
España	A Coruña / A Coruña	101	Valdoviño	Valdoviño 	Valdoviño ,A Coruña / A Coruña,España	-8.142617999999999	43.6077823
España	A Coruña / A Coruña	102	Miño	Miño 	Miño ,A Coruña / A Coruña,España	-8.1884949	43.3539624
España	A Coruña / A Coruña	103	Santa María de Oleiros	Oleiros 	Oleiros ,A Coruña / A Coruña,España	-8.3157003	43.33270590000001
España	A Coruña / A Coruña	104	Abegondo	Abegondo 	Abegondo ,A Coruña / A Coruña,España	-8.2979048	43.2191196
España	A Coruña / A Coruña	105	Aranga	Aranga 	Aranga ,A Coruña / A Coruña,España	-8.0159731	43.23410130000001
España	A Coruña / A Coruña	106	Bayo	Baio 	Baio ,A Coruña / A Coruña,España	-8.411594	43.3623364
España	A Coruña / A Coruña	107	Carvallo	Carballo 	Carballo ,A Coruña / A Coruña,España	-8.6915927	43.2128129
España	A Coruña / A Coruña	108	Corcubiom	Corcubión 	Corcubión ,A Coruña / A Coruña,España	-8.4181331	43.36163579999999
España	A Coruña / A Coruña	109	Santa Comba	Santa Comba 	Santa Comba ,A Coruña / A Coruña,España	-8.814226399999999	43.0476999
España	A Coruña / A Coruña	110	Ordes	Ordes 	Ordes ,A Coruña / A Coruña,España	-8.418422399999999	43.077619
España	A Coruña / A Coruña	111	Boimorto	Boimorto 	Boimorto ,A Coruña / A Coruña,España	-8.4230147	43.3712758
España	A Coruña / A Coruña	112	Labacolla	A Lavacolla	A Lavacolla,A Coruña / A Coruña,España	-8.4445271	42.8991871
España	A Coruña / A Coruña	112b	Muros	Muros 	Muros ,A Coruña / A Coruña,España	-9.0460525	42.8073676
España	A Coruña / A Coruña	113	Rois	Rois	Rois,A Coruña / A Coruña,España	-8.245225999999999	43.30609949999999
España	Cuenca	470	Carrascosa del Campo	Carrascosa del Campo 	Carrascosa del Campo ,Cuenca,España	-2.7365856	40.0366241
España	Cuenca	471	Albalate de las Nogueras	Albalate de las Nogueras 	Albalate de las Nogueras ,Cuenca,España	-2.277505	40.3652759
España	Cuenca	472	Valdemoro-Sierra	Valdemoro-Sierra 	Valdemoro-Sierra ,Cuenca,España	-1.7678784	40.1017496
España	Cuenca	473	Honrubia	Honrubia 	Honrubia ,Cuenca,España	-2.2815069	39.6127213
España	Cuenca	474	Cardenete	Cardenete	Cardenete,Cuenca,España	-1.6894332	39.7671712
España	Girona/[Gerona]	722	Bolvir	Bolvir 	Bolvir ,Girona/[Gerona],España	1.8798938	42.41799959999999
España	Girona/[Gerona]	723	Campdevànol	Campdevánol 	Campdevánol ,Girona/[Gerona],España	2.1683571	42.2219838
España	Girona/[Gerona]	724	Molló	Molló 	Molló ,Girona/[Gerona],España	2.4049853	42.3467302
España	Girona/[Gerona]	725	Agullana	Agullana 	Agullana ,Girona/[Gerona],España	2.8271076	41.9708086
España	Girona/[Gerona]	726	Cadaqués	Cadaqués 	Cadaqués ,Girona/[Gerona],España	3.2779723	42.2887571
España	Girona/[Gerona]	727	Besalú	Besalú 	Besalú ,Girona/[Gerona],España	2.6953375	42.2002357
España	Girona/[Gerona]	728	Bordils	Bordils 	Bordils ,Girona/[Gerona],España	2.9169749	42.0388569
España	Girona/[Gerona]	729	Anglès	Anglès 	Anglès ,Girona/[Gerona],España	2.6288523	41.9392441
España	Girona/[Gerona]	730	Mont-ras	Mont-Ras 	Mont-Ras ,Girona/[Gerona],España	3.1517209	41.9081233
España	Girona/[Gerona]	731	Blanes	Blanes	Blanes,Girona/[Gerona],España	2.7902289	41.6759954
España	Granada	544	 Zafarraya	Zafarraya 	Zafarraya ,Granada,España	-4.1449788	36.9746105
España	Granada	545	Montefrío	Montefrío 	Montefrío ,Granada,España	-4.005704199999999	37.323145
España	Granada	546	Darro	Darro 	Darro ,Granada,España	-3.2936364	37.3496802
España	Granada	547	Zújar	Zújar 	Zújar ,Granada,España	-2.8415046	37.5393714
España	Granada	548	Orce	Orce 	Orce ,Granada,España	-2.477876	37.7200567
España	Granada	549	Güéjar-Sierra	Güéjar Sierra 	Güéjar Sierra ,Granada,España	-3.4404462	37.1590713
España	Granada	550	Melegís	Melegís 	Melegís ,Granada,España	-3.5714261	36.9353479
España	Granada	551	La Garnatilla	La Garnatilla 	La Garnatilla ,Granada,España	-3.4408427	36.7423103
España	Granada	552	Mecina-Bombarón	Mecina-Bombarón	Mecina-Bombarón,Granada,España	-3.1558125	36.9808127
España	Guadalajara	458	Renera	Renera 	Renera ,Guadalajara,España	-3.0166329	40.4915971
España	Guadalajara	459	Galve de Sorbe	Galve de Sorbe 	Galve de Sorbe ,Guadalajara,España	-3.1836145	41.22255759999999
España	Guadalajara	460	La Toba	La Toba 	La Toba ,Guadalajara,España	-2.983806	41.0046926
España	Guadalajara	461	Gárgoles de Abajo	Gárgoles de Abajo 	Gárgoles de Abajo ,Guadalajara,España	-2.6257505	40.7323365
España	Guadalajara	462	Valhermoso	Valhermoso	Valhermoso,Guadalajara,España	-1.9606346	40.7860142
España	Huelva	517	Cortegana	Cortegana 	Cortegana ,Huelva,España	-6.821473999999999	37.908792
España	Huelva	518	Paymogo	Paymogo 	Paymogo ,Huelva,España	-7.3418378	37.7404203
España	Huelva	519	Alosno	Alosno 	Alosno ,Huelva,España	-7.113058199999999	37.5481977
España	Huelva	520	Valverde del Camino	Valverde del Camino 	Valverde del Camino ,Huelva,España	-6.753414	37.5746343
España	Huelva	521	Villablanca	Villablanca 	Villablanca ,Huelva,España	-7.342878799999999	37.3024456
España	Huelva	522	Almonte	Almonte	Almonte,Huelva,España	-6.516975299999999	37.2596578
España	Huesca	605	Ansó	Ansó 	Ansó ,Huesca,España	-0.8289607999999999	42.7556581
España	Huesca	606	Borau	Borau 	Borau ,Huesca,España	-0.5881565	42.6581212
España	Huesca	607	Torla	Torla 	Torla ,Huesca,España	-0.1126542	42.62867749999999
España	Huesca	608	Bielsa	Bielsa 	Bielsa ,Huesca,España	0.218018	42.6334211
España	Huesca	609	Benasque	Benasque 	Benasque ,Huesca,España	0.5228286	42.6042858
España	Huesca	610	Loarre	Loarre 	Loarre ,Huesca,España	-0.6257463	42.3140139
España	Huesca	611	Alquézar	Alquézar 	Alquézar ,Huesca,España	0.0253621	42.1730098
España	Huesca	612	La Pobla de Roda	La Puebla de Roda 	La Puebla de Roda ,Huesca,España	0.5420316	42.3030489
España	Huesca	613	Benabarre	Benabarre 	Benabarre ,Huesca,España	0.4803197	42.1087048
España	Huesca	614	San Esteve de Llitera	San Esteban de Litera 	San Esteban de Litera ,Huesca,España	0.3269012	41.9052276
España	Huesca	615	Fonz	Fonz 	Fonz ,Huesca,España	0.2584835	42.0098276
España	Huesca	616	Peralta de Alcofea	Peralta de Alcofea 	Peralta de Alcofea ,Huesca,España	-0.0670857	41.9314097
España	Huesca	617	Belver de Cinca	Belver de Cinca 	Belver de Cinca ,Huesca,España	0.1787657	41.6920452
España	Jaén	508	Marmolejo	Marmolejo 	Marmolejo ,Jaén,España	-4.1692941	38.0449522
España	Jaén	509	Las Navas de Tolosa	Navas de Tolosa 	Navas de Tolosa ,Jaén,España	-3.5869641	38.2862874
España	Jaén	510	La Puerta de Segura	La Puerta de Segura 	La Puerta de Segura ,Jaén,España	-2.7369236	38.3492721
España	Jaén	511	Menjíbar	Mengíbar 	Mengíbar ,Jaén,España	-3.8082965	37.9712748
España	Jaén	512	Baeza	Baeza 	Baeza ,Jaén,España	-3.4676157	37.9966884
España	Jaén	513	Torre del Campo	Torre del Campo 	Torre del Campo ,Jaén,España	-3.8999013	37.7696554
España	Jaén	514	Pegalajar	Pegalajar 	Pegalajar ,Jaén,España	-3.6458491	37.740624
España	Jaén	515	Quesada	Quesada 	Quesada ,Jaén,España	-3.066385	37.8446058
España	Jaén	516	Castillo de Locubín	Castillo de Locubín 	Castillo de Locubín ,Jaén,España	-3.9413043	37.52718369999999
España	León	324	Ponte de Rey	Puente de Rey 	Puente de Rey ,León,España	-6.7999356	42.6283729
España	León	325	Lillo de Bierzo	Lillo del Bierzo 	Lillo del Bierzo ,León,España	-6.608374899999999	42.78347369999999
España	León	326	Páramo del Sil	Páramo del Sil 	Páramo del Sil ,León,España	-6.4909805	42.8205609
España	León	327	Omañón	Omañón 	Omañón ,León,España	-6.098861599999999	42.8054445
España	León	328	Torrebarrio	Torrebarrio 	Torrebarrio ,León,España	-5.9962063	43.0067647
España	León	329	Folledo	Folledo 	Folledo ,León,España	-5.7237297	42.8970041
España	León	330	Pontedo	Pontedo 	Pontedo ,León,España	-5.5646813999999996	42.973975
España	León	331	Cofiñal	Cofiñal 	Cofiñal ,León,España	-5.267790799999999	43.03132799999999
España	León	332	Pío	Pio de Sajambre 	Pio de Sajambre ,León,España	-5.0488949	43.1237086
España	León	333	Castroquilame	Castroquilame 	Castroquilame ,León,España	-6.747392000000001	42.4230226
España	León	334	Lucillo	Lucillo 	Lucillo ,León,España	-6.3033364	42.40915469999999
España	León	335	Laguna Dalga	Laguna Dalga 	Laguna Dalga ,León,España	-5.752364399999999	42.3321095
España	León	336	Calzada del Coto	Calzada del Coto 	Calzada del Coto ,León,España	-5.080041	42.3877671
España	Lleida/[Lérida]	708	Senet	Senet 	Senet ,Lleida/[Lérida],España	0.7528353	42.5575348
España	Lleida/[Lérida]	709	València d'Àneu	València d'Àneu 	València d'Àneu ,Lleida/[Lérida],España	1.1096733	42.6339796
España	Lleida/[Lérida]	710	Pont de Suert	El Pont de Suert 	El Pont de Suert ,Lleida/[Lérida],España	0.7408062999999999	42.4080464
España	Lleida/[Lérida]	711	Rialb	Rialp 	Rialp ,Lleida/[Lérida],España	1.1347024000000001	42.4429196
España	Lleida/[Lérida]	712	Senterada	Senterada 	Senterada ,Lleida/[Lérida],España	0.9365927000000001	42.3243687
España	Lleida/[Lérida]	713	Alás	Alás 	Alás ,Lleida/[Lérida],España	1.5402327	42.3244874
España	Lleida/[Lérida]	714	Guàrdia	Guàrdia de Tremp 	Guàrdia de Tremp ,Lleida/[Lérida],España	0.8769011999999999	42.091728
España	Lleida/[Lérida]	715	Organyá	Organyá 	Organyá ,Lleida/[Lérida],España	1.3278062	42.211946
España	Lleida/[Lérida]	716	Bassella	Bassella 	Bassella ,Lleida/[Lérida],España	1.2958754	42.0169127
España	Lleida/[Lérida]	717	Castelló de Farfanya	Castelló de Farfanya 	Castelló de Farfanya ,Lleida/[Lérida],España	0.7265541999999999	41.8174163
España	Lleida/[Lérida]	718	Bell-Lloc D'urgell	Bell-Lloc D'urgell 	Bell-Lloc D'urgell ,Lleida/[Lérida],España	0.7791283	41.6303438
España	Lleida/[Lérida]	719	Aspa	Aspa 	Aspa ,Lleida/[Lérida],España	0.6743182999999999	41.4941515
España	Lleida/[Lérida]	720	Mont-roig de Sió	Mont-Roig 	Mont-Roig ,Lleida/[Lérida],España	1.1842049	41.7499019
España	Lleida/[Lérida]	721	Clariana	Clariana de Cardener 	Clariana de Cardener ,Lleida/[Lérida],España	1.626142	41.93312969999999
España	Lugo	114	Covas	Covas 	Covas ,Lugo,España	-7.6135002	43.6754925
España	Lugo	115	Muras	Muras 	Muras ,Lugo,España	-7.725930199999999	43.4663944
España	Lugo	116	Ferreira de Vale de Ouro	O Valadouro 	O Valadouro ,Lugo,España	-7.441123200000001	43.5504705
España	Lugo	117	Devesa	Parroquia de Ribadeo	Parroquia de Ribadeo,Lugo,España	-7.0409885	43.535782
España	Lugo	118	Guitiriz	Guitiriz 	Guitiriz ,Lugo,España	-7.8922143	43.1816306
España	Lugo	119	Cospeito	Cospeito 	Cospeito ,Lugo,España	-7.559642999999999	43.2142309
España	Lugo	120	Neiro	San Pedro de Neiro (San Pedro)	San Pedro de Neiro (San Pedro),Lugo,España	-7.088498599999999	43.15423879999999
España	Lugo	121	Palas de Rey	Palas de Rei 	Palas de Rei ,Lugo,España	-7.868758799999999	42.8734666
España	Lugo	122	Navia de Suarna	Navia de Suarna 	Navia de Suarna ,Lugo,España	-6.9423844	42.9450131
España	Lugo	123	Meixente	Meixente 	Meixente ,Lugo,España	-7.4728236	42.7867481
España	Lugo	124	Pedrafita do Cebreiro	Pedrafita do Cebreiro 	Pedrafita do Cebreiro ,Lugo,España	-7.021413799999999	42.72680039999999
España	Lugo	125	Chantada	Chantada 	Chantada ,Lugo,España	-7.806885100000001	42.6173389
España	Lugo	126	Sober	Sober 	Sober ,Lugo,España	-7.586786999999999	42.4616142
España	Lugo	127	Sam Clodio	Ribas de Sil	Ribas de Sil,Lugo,España	-7.287879799999999	42.4665894
España	Madrid	454	Cadalso de los Vidrios	Cadalso de Los Vidrios 	Cadalso de Los Vidrios ,Madrid,España	-4.4426499	40.3015944
España	Madrid	455	Rascafría	Rascafría 	Rascafría ,Madrid,España	-3.8858955	40.8732261
España	Madrid	456	Valdepiélagos	Valdepiélagos 	Valdepiélagos ,Madrid,España	-3.4656137	40.7608617
España	Madrid	457	Valdelaguna	Valdelaguna 	Valdelaguna ,Madrid,España	-3.3678641	40.16168529999999
España	Málaga	536	Cuevas del Becerro	Cuevas del Becerro 	Cuevas del Becerro ,Málaga,España	-5.0455575	36.8754742
España	Málaga	537	Peñarrubia	Peñarrubia	Peñarrubia,Málaga,España	-4.833333	36.95
España	Málaga	538	Cuevas de San Marcos	Cuevas de San Marcos 	Cuevas de San Marcos ,Málaga,España	-4.4143508	37.267269
España	Málaga	539	Parauta	Parauta 	Parauta ,Málaga,España	-5.128223	36.6563364
España	Málaga	540	Manilva	Manilva 	Manilva ,Málaga,España	-5.2508157	36.3760794
España	Málaga	541	Alhaurín el Grande	Alhaurín El Grande 	Alhaurín El Grande ,Málaga,España	-4.6876707	36.6428298
España	Málaga	542	Olías	Olías 	Olías ,Málaga,España	-4.319914799999999	36.7703788
España	Málaga	543	Frigiliana	Frigiliana 	Frigiliana ,Málaga,España	-3.8947061	36.7908751
España	Murcia	561	El Hornico de Ascona	El Hornico, Caravaca de la Cruz	El Hornico, Caravaca de la Cruz,Murcia,España	-2.2073741	38.0203521
España	Murcia	562	La Pinilla de Caravaca	Pinilla 	Pinilla ,Murcia,España	-1.2788727	37.6842949
España	Murcia	563	Fuente del Pino	Fuente del Pino 	Fuente del Pino ,Murcia,España	-1.2946714	38.5417306
España	Murcia	564	La Paca	La Paca 	La Paca ,Murcia,España	-1.8361004	37.8721143
España	Murcia	565	Ricote	Ricote 	Ricote ,Murcia,España	-1.365613	38.1536867
España	Murcia	566	Abanilla	Abanilla 	Abanilla ,Murcia,España	-1.0406601	38.2051808
España	Murcia	567	Tiñosa	San José de la Vega	San José de la Vega,Murcia,España	-1.0796855	37.969548
España	Murcia	568	Purias	Purias 	Purias ,Murcia,España	-1.6868691	37.5714845
España	Murcia	569	Las Palas-Perrín	Las Palas 	Las Palas ,Murcia,España	-1.1880945	37.6626644
España	Murcia	570	Cabo de Palos	Cabo de Palos 	Cabo de Palos ,Murcia,España	-0.7045920999999999	37.6299139
España	Navarra	600	Goñi	Goñi 	Goñi ,Navarra,España	-1.9032075	42.85106950000001
España	Navarra	601	Orísoain	Orísoain 	Orísoain ,Navarra,España	-1.6038527	42.6004097
España	Navarra	602	Arguedas	Arguedas 	Arguedas ,Navarra,España	-1.596951	42.17592700000001
España	Navarra	603	Uscarrés	Uscarrés/Uskartze 	Uscarrés/Uskartze ,Navarra,España	-1.0929166	42.7748739
España	Navarra	604	Izalzu	Izalzu/Itzaltzu 	Izalzu/Itzaltzu ,Navarra,España	-1.0541244	42.9134406
España	Ourense/[Orense]	141	Irijo	Irixo de Arriba 	Irixo de Arriba ,Ourense/[Orense],España	-8.1253222	42.5162855
España	Ourense/[Orense]	142	Vilamarím	Vilamarín 	Vilamarín ,Ourense/[Orense],España	-7.890189199999999	42.4650787
España	Ourense/[Orense]	143	Arnoya	A Arnoia (San Salvador) 	A Arnoia (San Salvador) ,Ourense/[Orense],España	-8.140487499999999	42.2566697
España	Ourense/[Orense]	144	Maceda	Maceda 	Maceda ,Ourense/[Orense],España	-7.6520984	42.268791
España	Ourense/[Orense]	145	Celeiros	Celeiros 	Celeiros ,Ourense/[Orense],España	-7.761444699999999	42.4240514
España	Ourense/[Orense]	146	O Bolo	O Bolo 	O Bolo ,Ourense/[Orense],España	-7.0975854	42.3075795
España	Ourense/[Orense]	147	Rubiá	Rubi 	Rubi ,Ourense/[Orense],España	-7.863880999999998	42.33578929999999
España	Ourense/[Orense]	148	Rairiz de Veiga	Rairiz de Veiga 	Rairiz de Veiga ,Ourense/[Orense],España	-7.832380499999999	42.0826804
España	Ourense/[Orense]	149	A Gudiña	A Gudiña 	A Gudiña ,Ourense/[Orense],España	-7.139302900000001	42.0605739
España	Ourense/[Orense]	150	Entrino	Entrimo 	Entrimo ,Ourense/[Orense],España	-8.1238326	41.9338686
España	Ourense/[Orense]	151	Oímbra	Oímbra 	Oímbra ,Ourense/[Orense],España	-7.466535400000001	41.8887165
España	Palencia	412	Cardaño de Abajo	Cardaño de Abajo 	Cardaño de Abajo ,Palencia,España	-4.763889	42.92083299999999
España	Palencia	413	Brañosera	Brañosera 	Brañosera ,Palencia,España	-4.3083627	42.9368015
España	Palencia	414	Acera de la Vega	Acera de la Vega 	Acera de la Vega ,Palencia,España	-4.8177206	42.6157168
España	Palencia	415	Calzada de los Molinos	Calzada de Los Molinos 	Calzada de Los Molinos ,Palencia,España	-4.6521386	42.327351
España	Palencia	416	Santa Cecilia del Alcor	Santa Cecilia del Alcor 	Santa Cecilia del Alcor ,Palencia,España	-4.658597299999999	41.9337959
España	Palencia	417	Villaconancio	Villaconancio 	Villaconancio ,Palencia,España	-4.2237243	41.87132889999999
España	Pontevedra	128	A Golada	Agolada 	Agolada ,Pontevedra,España	-8.020610399999999	42.7617021
España	Pontevedra	129	Bandeira	Manduas (San Tirso)	Manduas (San Tirso),Pontevedra,España	-8.2971366	42.7396502
España	Pontevedra	130	Cuntis	Cuntis 	Cuntis ,Pontevedra,España	-8.564072	42.63411869999999
España	Pontevedra	131	Vilanova de Arosa	Vilanova de Arousa 	Vilanova de Arousa ,Pontevedra,España	-8.8274228	42.5627589
España	Pontevedra	132	Meaño	Meaño 	Meaño ,Pontevedra,España	-8.7811645	42.4589021
España	Pontevedra	133	Cerdedo	Cerdedo 	Cerdedo ,Pontevedra,España	-8.390327599999999	42.5327602
España	Pontevedra	134	Bueu	Bueu 	Bueu ,Pontevedra,España	-8.7591311	42.32392129999999
España	Pontevedra	135	Fornelos de Montes	Fornelos de Montes 	Fornelos de Montes ,Pontevedra,España	-8.4525025	42.339639
España	Pontevedra	136	Nigrán	Nigrán 	Nigrán ,Pontevedra,España	-8.7811645	42.1459862
España	Pontevedra	137	Pontáreas	Ponteareas 	Ponteareas ,Pontevedra,España	-8.5064757	42.1756174
España	Pontevedra	138	Arbo	Arbo (Santa María) 	Arbo (Santa María) ,Pontevedra,España	-8.316945	42.11642519999999
España	Pontevedra	139	Tuy	Tui 	Tui ,Pontevedra,España	-8.6466099	42.049155
España	Pontevedra	140	Rosal	O Rosal 	O Rosal ,Pontevedra,España	-8.836373	41.9372462
España	Rioja (La)	433	San Millán de la Cogolla	San Millán de la Cogolla 	San Millán de la Cogolla ,Rioja (La),España	-2.8645685	42.3280438
España	Rioja (La)	434	Pradejón	Pradejón 	Pradejón ,Rioja (La),España	-2.0689709	42.3334209
España	Salamanca	349	Villarino de los Aires	Villarino de Los Aires 	Villarino de Los Aires ,Salamanca,España	-6.467660899999999	41.268575
España	Salamanca	350	Gejuelo del Barro	Gejuelo del Barro 	Gejuelo del Barro ,Salamanca,España	-6.124205	41.0763135
España	Salamanca	351	Campo de Peñaranda	El Campo de Peñaranda 	El Campo de Peñaranda ,Salamanca,España	-5.257344	40.9846487
España	Salamanca	352	Hinojosa del Duero	Hinojosa de Duero 	Hinojosa de Duero ,Salamanca,España	-6.7962528	40.9865328
España	Salamanca	353	Retortillo	Retortillo 	Retortillo ,Salamanca,España	-6.3595042	40.8016566
España	Salamanca	354	Aldea del Obispo	Aldea del Obispo 	Aldea del Obispo ,Salamanca,España	-6.7935745	40.7072258
España	Salamanca	355	Serradilla del Arroyo	Serradilla del Arroyo 	Serradilla del Arroyo ,Salamanca,España	-6.3601692	40.5217315
España	Salamanca	356	Linares de Riofrio	Linares de Riofrío 	Linares de Riofrío ,Salamanca,España	-5.918518199999999	40.5784407
España	Salamanca	357	Fuenteguinaldo	Fuenteguinaldo 	Fuenteguinaldo ,Salamanca,España	-6.6758408	40.4281951
España	Salamanca	358	El Payo	El Payo 	El Payo ,Salamanca,España	-6.7273229	40.2874549
España	Salamanca	359	Valdefuentes de Sangusín	Valdefuentes de Sangusín 	Valdefuentes de Sangusín ,Salamanca,España	-5.824835200000001	40.4780177
España	Segovia	439	Lastras de Cuéllar	Lastras de Cuéllar 	Lastras de Cuéllar ,Segovia,España	-4.1072485	41.2974416
España	Segovia	440	Barbolla	Barbolla	Barbolla,Segovia,España	-3.6715141	41.3255939
España	Sevilla	523	Castillo de las Guardas	El Castillo de las Guardas 	El Castillo de las Guardas ,Sevilla,España	-6.3152969	37.6923171
España	Sevilla	524	Constantina	Constantina 	Constantina ,Sevilla,España	-5.6037465	37.887709
España	Sevilla	525	Cantillana	Cantillana 	Cantillana ,Sevilla,España	-5.8235168	37.6109062
España	Sevilla	526	Bormujos	Bormujos 	Bormujos ,Sevilla,España	-6.0701344	37.3722503
España	Sevilla	527	Fuentes de Andalucía	Fuentes de Andalucía 	Fuentes de Andalucía ,Sevilla,España	-5.3440635	37.4632976
España	Sevilla	528	Gilena	Gilena 	Gilena ,Sevilla,España	-4.9149728	37.2522579
España	Sevilla	529	El Coronil	El Coronil 	El Coronil ,Sevilla,España	-5.6337983	37.0793653
España	Sevilla	530	Saucejo	El Saucejo 	El Saucejo ,Sevilla,España	-5.0976161	37.0741908
España	Sevilla	531	Lebrija	Lebrija 	Lebrija ,Sevilla,España	-6.0758624	36.9197889
España	Soria	441	Alcubilla del Marqués	Alcubilla del Marques 	Alcubilla del Marques ,Soria,España	-3.1346821	41.5679451
España	Soria	442	Vinuesa	Vinuesa 	Vinuesa ,Soria,España	-2.7618028	41.9101058
España	Soria	443	Yanguas	Yanguas 	Yanguas ,Soria,España	-2.3375715	42.1008082
España	Soria	444	Muro de Ágreda	Muro 	Muro ,Soria,España	-1.988688	41.83368550000001
España	Soria	445	Tardajos de Duero	Tardajos de Duero 	Tardajos de Duero ,Soria,España	-2.4184846	41.6687844
España	Soria	446	Cihuela	Cihuela 	Cihuela ,Soria,España	-1.9997766	41.4070399
España	Soria	447	Caltojar	Caltojar 	Caltojar ,Soria,España	-2.7642914	41.4019002
España	Soria	448	Layna	Layna 	Layna ,Soria,España	-2.3042941	41.09892929999999
España	Tarragona	741	Santa Coloma de Queralt	Santa Coloma de Queralt 	Santa Coloma de Queralt ,Tarragona,España	1.3829246	41.5322215
España	Tarragona	742	Vimbodí	Vimbodí 	Vimbodí ,Tarragona,España	1.0531193	41.4015493
España	Tarragona	743	Ascó	Ascó 	Ascó ,Tarragona,España	0.5671571	41.1827575
España	Tarragona	744	Falset	Falset 	Falset ,Tarragona,España	0.8204726	41.14540059999999
España	Tarragona	745	Vila-seca de Solcina	Vila-Seca de Solcina 	Vila-Seca de Solcina ,Tarragona,España	1.1457729	41.1089174
España	Tarragona	746	Roda de Berà	Roda de Bará 	Roda de Bará ,Tarragona,España	1.4604155	41.1870487
España	Tarragona	747	Bot	Bot 	Bot ,Tarragona,España	0.3848414	41.0091387
España	Tarragona	748	La Cala de l'Ametlla	L'Ametlla de Mar 	L'Ametlla de Mar ,Tarragona,España	0.7996491	40.8839435
España	Tarragona	749	Amposta	Amposta 	Amposta ,Tarragona,España	0.5801695	40.7067997
España	Teruel	630	Blancas	Blancas 	Blancas ,Teruel,España	-1.4839622	40.8120821
España	Teruel	631	Segura de los Baños	Segura de Los Baños 	Segura de Los Baños ,Teruel,España	-0.9504132999999998	40.9402704
España	Teruel	632	Alloza	Alloza 	Alloza ,Teruel,España	-0.529327	40.968835
España	Teruel	633	Valljunquera	Valjunquera 	Valjunquera ,Teruel,España	0.0250705	40.9530057
España	Teruel	634	Aiguaviva (Aguaviva)	Aguaviva 	Aguaviva ,Teruel,España	-0.1975081	40.8233188
España	Teruel	635	Bronchales	Bronchales 	Bronchales ,Teruel,España	-1.5880904	40.50883779999999
España	Teruel	636	Alfambra	Alfambra 	Alfambra ,Teruel,España	-1.033481	40.547524
España	Teruel	637	Villarluengo	Villarluengo 	Villarluengo ,Teruel,España	-0.5302133	40.6483838
España	Teruel	638	La Puebla de Valverde	La Puebla de Valverde 	La Puebla de Valverde ,Teruel,España	-0.9301201	40.2253186
España	Teruel	639	Mosqueruela	Mosqueruela 	Mosqueruela ,Teruel,España	-0.4484679	40.36093839999999
España	Toledo	463	Lagartera	Lagartera 	Lagartera ,Toledo,España	-5.2018774	39.907158
España	Toledo	464	Cebolla	Cebolla 	Cebolla ,Toledo,España	-4.5688906	39.9466014
España	Toledo	465	Camarenilla	Camarenilla 	Camarenilla ,Toledo,España	-4.0740172	40.0181719
España	Toledo	466	Sevilleja de la Jara	Sevilleja de la Jara 	Sevilleja de la Jara ,Toledo,España	-4.963013300000001	39.5738285
España	Toledo	467	Navahermosa	Navahermosa 	Navahermosa ,Toledo,España	-4.4722512	39.6355945
España	Toledo	468	Los Yébenes	Los Yébenes 	Los Yébenes ,Toledo,España	-3.8693481	39.5811405
España	Toledo	469	El Romeral	El Romeral 	El Romeral ,Toledo,España	-3.4334296	39.7082149
España	Valencia/València	763	Ademuz	Ademuz 	Ademuz ,Valencia/València,España	-1.2870052	40.06133790000001
España	Valencia/València	764	Tuéjar	Tuéjar 	Tuéjar ,Valencia/València,España	-1.0412584	39.7663977
España	Valencia/València	765	Casinos	Casinos 	Casinos ,Valencia/València,España	-0.7081527	39.6986762
España	Valencia/València	766	Marinas	Marines 	Marines ,Valencia/València,España	-0.5305290000000001	39.7396506
España	Valencia/València	767	Caudete de las Fuentes	Caudete de las Fuentes 	Caudete de las Fuentes ,Valencia/València,España	-1.280678	39.5582795
España	Valencia/València	768	Pedralba	Pedralba 	Pedralba ,Valencia/València,España	-0.7259605000000001	39.6043817
España	Valencia/València	769	Rafelbunyol	Rafelbuñol/Rafelbunyol 	Rafelbuñol/Rafelbunyol ,Valencia/València,España	-0.3442449	39.5919278
España	Valencia/València	770	Quart de Poblet	Quart de Poblet 	Quart de Poblet ,Valencia/València,España	-0.4448669	39.4825816
España	Valencia/València	771	Godelleta	Godelleta 	Godelleta ,Valencia/València,España	-0.6879801999999999	39.42358
España	Valencia/València	772	Turís	Turís 	Turís ,Valencia/València,España	-0.7117137	39.3897595
España	Valencia/València	773	Dos Aguas	Dos Aguas 	Dos Aguas ,Valencia/València,España	-0.8002439000000001	39.2886921
España	Valencia/València	774	Polinyà de la Ribera	Polinyà de Xúquer	Polinyà de Xúquer,Valencia/València,España	-0.3689508	39.1966908
España	Valencia/València	775	Massalavés	Masalavés 	Masalavés ,Valencia/València,España	-0.5226347	39.1424891
España	Valencia/València	776	Teresa de Cofrentes	Teresa de Cofrentes 	Teresa de Cofrentes ,Valencia/València,España	-1.0508327	39.1047646
España	Valencia/València	777	Anna	Anna 	Anna ,Valencia/València,España	-0.6488505	39.0171652
España	Valencia/València	778	Llanera de Ranes	Llanera de Ranes 	Llanera de Ranes ,Valencia/València,España	-0.3900848	39.4537298
España	Valencia/València	779	Beniopa	Gandía	Gandía,Valencia/València,España	-0.1799368	38.9744946
España	Valencia/València	780	Moixent	Mogente/Moixent 	Mogente/Moixent ,Valencia/València,España	-0.7520927	38.8743266
España	Valladolid	435	Villavicencio de los Caballeros	Villavicencio de Los Caballeros 	Villavicencio de Los Caballeros ,Valladolid,España	-5.235803499999999	42.059083
España	Valladolid	436	San Cebrián de Mazote	San Cebrián de Mazote 	San Cebrián de Mazote ,Valladolid,España	-5.1490712	41.6797566
España	Valladolid	437	Langayo	Langayo 	Langayo ,Valladolid,España	-4.198103000000001	41.5702718
España	Valladolid	438	Pedrajas de San Esteban	Pedrajas de San Esteban 	Pedrajas de San Esteban ,Valladolid,España	-4.584368899999999	41.3414211
España	Vizcaya	428	Beci	Bezi	Bezi,Vizcaya,España	-3.1858113	43.2342134
España	Zamora	337	San Ciprián de Sanabria	San Ciprián 	San Ciprián ,Zamora,España	-6.6594688	42.1727986
España	Zamora	338	San Martín de Castañeda	San Martín de Castañeda 	San Martín de Castañeda ,Zamora,España	-6.720968999999999	42.1360101
España	Zamora	339	Cubo de Benavente	Cubo de Benavente 	Cubo de Benavente ,Zamora,España	-6.16463	42.1238883
España	Zamora	340	Padornelo	Padornelo 	Padornelo ,Zamora,España	-6.8361049	42.0331797
España	Zamora	341	Hermisende	Hermisende 	Hermisende ,Zamora,España	-6.896096399999999	41.96825330000001
España	Zamora	342	Otero de Bodas	Otero de Bodas 	Otero de Bodas ,Zamora,España	-6.1542235	41.9370818
España	Zamora	343	Mahide	Mahide 	Mahide ,Zamora,España	-6.3781981	41.8694808
España	Zamora	344	Villafáfila	Villafáfila 	Villafáfila ,Zamora,España	-5.6158956	41.8457736
España	Zamora	345	Villarino tras la Sierra	Villarino Tras la Sierra 	Villarino Tras la Sierra ,Zamora,España	-6.4896477	41.6752282
España	Zamora	346	Losacio de Alba	Losacio 	Losacio ,Zamora,España	-6.040788399999999	41.710871
España	Zamora	347	Fariza	Fariza 	Fariza ,Zamora,España	-6.2704647	41.4200487
España	Zamora	348	El Pego	El Pego 	El Pego ,Zamora,España	-5.4679515	41.3347699
España	Zaragoza	618	Sos del Rey	Sos del Rey Católico 	Sos del Rey Católico ,Zaragoza,España	-1.2162051	42.4939837
España	Zaragoza	619	Farasdués	Farasdués 	Farasdués ,Zaragoza,España	-1.0963409	42.224241
España	Zaragoza	620	Boquiñeni	Boquiñeni 	Boquiñeni ,Zaragoza,España	-1.2524043	41.8476855
España	Zaragoza	621	Monegrillo	Monegrillo 	Monegrillo ,Zaragoza,España	-0.4160527	41.6390946
España	Zaragoza	622	Tierga	Tierga 	Tierga ,Zaragoza,España	-1.6050655	41.6081052
España	Zaragoza	623	Cadrete	Cadrete 	Cadrete ,Zaragoza,España	-0.9611607999999999	41.5553673
España	Zaragoza	624	Campillo de Aragón	Campillo de Aragón 	Campillo de Aragón ,Zaragoza,España	-1.8425016	41.1263979
España	Zaragoza	625	Codos	Codos 	Codos ,Zaragoza,España	-1.3746587	41.2940092
España	Zaragoza	626	Letux	Letux 	Letux ,Zaragoza,España	-0.8026232999999999	41.2548506
España	Zaragoza	627	Chiprana	Chiprana 	Chiprana ,Zaragoza,España	-0.1266861	41.2625896
España	Zaragoza	628	Mequinensa (Mequinenza)	Mequinenza 	Mequinenza ,Zaragoza,España	0.3007533	41.3719971
España	Zaragoza	629	Maella	Maella 	Maella ,Zaragoza,España	0.1395532	41.1230647
Francia	Rosellón	701	Formiguera	Formiguères 	Formiguères ,Rosellón,Francia	2.102634	42.61396
Francia	Rosellón	702	Taurinyá	Taurinya 	Taurinya ,Rosellón,Francia	2.42544	42.581262
Francia	Rosellón	703	Salses	Salses - Le Château 	Salses - Le Château ,Rosellón,Francia	2.9196905	42.8328315
Francia	Rosellón	704	Cabestany	Cabestany 	Cabestany ,Rosellón,Francia	2.946919	42.6820949
Francia	Rosellón	705	Llo	Lló 	Lló ,Rosellón,Francia	2.063675	42.4546853
Francia	Rosellón	706	Arles de Tec	Arles-sur-Tech 	Arles-sur-Tech ,Rosellón,Francia	2.635402	42.455122
Francia	Rosellón	707	Banyuls	Banyuls-sur-Mer 	Banyuls-sur-Mer ,Rosellón,Francia	3.128874	42.48343
Portugal	Aveiro	241	Sobrado de Paiva	Sobrado de Paiva 	Sobrado de Paiva ,Aveiro,Portugal	-8.2642556	41.0416755
Portugal	Aveiro	242	Pardilhó	Pardilhó 	Pardilhó ,Aveiro,Portugal	-8.6215649	40.7926491
Portugal	Aveiro	243	Famalicão	Famalicão 	Famalicão ,Aveiro,Portugal	-8.447059	40.4534871
Portugal	Beja	281	Barrancos	Barrancos 	Barrancos ,Beja,Portugal	-6.977312599999999	38.1328809
Portugal	Beja	282	Moura	Moura 	Moura ,Beja,Portugal	-7.3084571	38.1314891
Portugal	Beja	283	Ferreira do Alentejo	Ferreira do Alentejo 	Ferreira do Alentejo ,Beja,Portugal	-8.114071299999999	38.0593873
Portugal	Beja	284	Vila Nova de Milfontes	Vila Nova de Milfontes 	Vila Nova de Milfontes ,Beja,Portugal	-8.7817132	37.7239951
Portugal	Beja	285	Ourique	Ourique 	Ourique ,Beja,Portugal	-8.224390399999999	37.6521402
Portugal	Beja	286	Monte dos Sapos	Monte dos Sapos 	Monte dos Sapos ,Beja,Portugal	-7.8627308	38.0153039
Portugal	Braga	205	Salamonde	Salamonde 	Salamonde ,Braga,Portugal	-8.0952225	41.6805327
Portugal	Braga	206	Balugães	Balugães 	Balugães ,Braga,Portugal	-8.6432626	41.6426471
Portugal	Braga	207	Marinhas	Marinhas 	Marinhas ,Braga,Portugal	-8.781259499999999	41.55883499999999
Portugal	Braga	208	Apúlia	Apúlia 	Apúlia ,Braga,Portugal	-8.764143599999999	41.4847785
Portugal	Braga	209	Brito	Brito 	Brito ,Braga,Portugal	-8.366398199999999	41.4545057
Portugal	Braga	210	Fafe	Fafe 	Fafe ,Braga,Portugal	-8.1728619	41.4508217
Portugal	Braga	211	Arco de Baúlhe	Arco de Baúlhe 	Arco de Baúlhe ,Braga,Portugal	-7.9607378	41.4850622
Portugal	Bragança	220	Sobreiró	Sobreiró 	Sobreiró ,Bragança,Portugal	-6.756737999999999	41.8061131
Portugal	Bragança	221	Rio de Onor	Rio de Onor 	Rio de Onor ,Bragança,Portugal	-6.6159029	41.9404865
Portugal	Bragança	222	Rebordãos	Rebordãos 	Rebordãos ,Bragança,Portugal	-6.8276034	41.7405812
Portugal	Bragança	223	Torre de Dona Chama	Torre de Dona Chama 	Torre de Dona Chama ,Bragança,Portugal	-7.127933	41.6531807
Portugal	Bragança	224	Vimioso	Vimioso 	Vimioso ,Bragança,Portugal	-6.529121099999999	41.5844451
Portugal	Bragança	225	Duas Igrejas	Duas Igrejas 	Duas Igrejas ,Bragança,Portugal	-6.3560398	41.4733533
Portugal	Bragança	226	Peredo	Peredo 	Peredo ,Bragança,Portugal	-6.8458204	41.4276428
Portugal	Bragança	227	Vilarinho das Azenhas	Vilarinho das Azenhas 	Vilarinho das Azenhas ,Bragança,Portugal	-7.2134986	41.3783134
Portugal	Bragança	228	Lagoaça	Lagoaça 	Lagoaça ,Bragança,Portugal	-6.738694600000001	41.21425860000001
Portugal	Castelo Branco	249	Belmonte	Belmonte 	Belmonte ,Castelo Branco,Portugal	-7.3408535	40.351063
Portugal	Castelo Branco	250	Ourondo	Ourondo 	Ourondo ,Castelo Branco,Portugal	-7.6822391	40.1477198
Portugal	Castelo Branco	251	Monsanto	Monsanto 	Monsanto ,Castelo Branco,Portugal	-7.115065	40.0388745
Portugal	Castelo Branco	252	Alcains	Alcains 	Alcains ,Castelo Branco,Portugal	-7.4489531	39.9163551
Portugal	Castelo Branco	253	Oleiros	Oleiros 	Oleiros ,Castelo Branco,Portugal	-7.9138535	39.9201996
Portugal	Castelo Branco	254	Rosmaninhal	Rosmaninhal 	Rosmaninhal ,Castelo Branco,Portugal	-7.135937699999999	39.7210082
Portugal	Coimbra	244	Praia de Mira	Praia de Mira 	Praia de Mira ,Coimbra,Portugal	-8.7894287	40.4396872
Portugal	Coimbra	245	Montemor-o-Velho	Montemor-o-Velho 	Montemor-o-Velho ,Coimbra,Portugal	-8.6826636	40.1748245
Portugal	Coimbra	246	Lavos	Lavos 	Lavos ,Coimbra,Portugal	-8.828158	40.0935564
Portugal	Coimbra	247	Chainça	Chainça 	Chainça ,Coimbra,Portugal	-8.4184475	40.0422578
Portugal	Coimbra	248	Arganil	Arganil 	Arganil ,Coimbra,Portugal	-8.0537909	40.218499
Portugal	Évora	279	São Matias	São Matias18 	São Matias18 ,Évora,Portugal	-7.913501999999999	38.571431
Portugal	Évora	280	Alandroal	Alandroal 	Alandroal ,Évora,Portugal	-7.4036488	38.7021331
Portugal	Faro	287	Santa Justa	Santa Justa 	Santa Justa ,Faro,Portugal	-7.7179199	37.4256373
Portugal	Faro	288	Odeleite	Odeleite 	Odeleite ,Faro,Portugal	-7.4879608	37.3342647
Portugal	Faro	289	Alte	Alte 	Alte ,Faro,Portugal	-8.1763125	37.2361971
Portugal	Faro	290	Marmelete	Marmelete 	Marmelete ,Faro,Portugal	-8.6675756	37.3109885
Portugal	Faro	291	Sagres	Sagres 	Sagres ,Faro,Portugal	-8.940585800000001	37.0168316
Portugal	Faro	292	Fuseta	Fuseta 	Fuseta ,Faro,Portugal	-7.744386299999999	37.0471211
Portugal	Guarda	229	Vila Nova de Foz-Coa	Vila Nova de Foz-Coa 	Vila Nova de Foz-Coa ,Guarda,Portugal	-7.1403598	41.0822466
Portugal	Guarda	230	Quinta Nova	Quinta Nova 	Quinta Nova ,Guarda,Portugal	-7.0566209	40.8010239
Portugal	Guarda	231	Casas de Soeiro	Casas de Soeiro 	Casas de Soeiro ,Guarda,Portugal	-7.411098799999999	40.6149125
Portugal	Guarda	232	Vilar Formoso	Vilar Formoso 	Vilar Formoso ,Guarda,Portugal	-6.837111999999999	40.6148457
Portugal	Guarda	233	Aldeia do Bispo	Aldeia do Bispo 	Aldeia do Bispo ,Guarda,Portugal	-7.2783983	40.4880939
Portugal	Guarda	234	São Romão	São Romão 	São Romão ,Guarda,Portugal	-7.714596599999999	40.4007149
Portugal	Leiria	255	Vieira	Vieira 	Vieira ,Leiria,Portugal	-8.957657099999999	39.8501898
Portugal	Leiria	256	Pataias	Pataias 	Pataias ,Leiria,Portugal	-9.0018424	39.6832131
Portugal	Leiria	257	Mendiga	Mendiga 	Mendiga ,Leiria,Portugal	-8.8482916	39.4984386
Portugal	Leiria	258	Atouguia da Baleia	Atouguia da Baleia 	Atouguia da Baleia ,Leiria,Portugal	-9.3270108	39.33974329999999
Portugal	Lisboa	272	Sobreiro	Sobreiro 	Sobreiro ,Lisboa,Portugal	-9.3556679	38.9609658
Portugal	Lisboa	273	Povos	Povos 	Povos ,Lisboa,Portugal	-8.983619299999999	38.9720973
Portugal	Lisboa	274	Almargem	Almargem 	Almargem ,Lisboa,Portugal	-9.1321354	38.7093318
Portugal	Lisboa	275	Alcadibeche	Alcadibeche 	Alcadibeche ,Lisboa,Portugal	-9.4098407	38.7330964
Portugal	Portalegre	266	Montalvão	Montalvão 	Montalvão ,Portalegre,Portugal	-7.5282994	39.5954974
Portugal	Portalegre	267	Belver de Gavião	Belver de Gavião 	Belver de Gavião ,Portalegre,Portugal	-7.9591159	39.495049
Portugal	Portalegre	268	Vale de Açor	Vale de Açor 	Vale de Açor ,Portalegre,Portugal	-7.92405	39.248957
Portugal	Portalegre	269	Reguengo	Reguengo 	Reguengo ,Portalegre,Portugal	-7.393038199999999	39.2973936
Portugal	Portalegre	270	Sousel	Sousel 	Sousel ,Portalegre,Portugal	-7.6764218	38.9535932
Portugal	Portalegre	271	Campo Maior	Campo Maior 	Campo Maior ,Portalegre,Portugal	-7.067918	39.0148625
Portugal	Porto	212	Vila do Conde	Vila do Conde Vila do Conde	Vila do Conde Vila do Conde,Porto,Portugal	-8.7478619	41.3517302
Portugal	Porto	213	Santo Tirso	Santo Tirso 	Santo Tirso ,Porto,Portugal	-8.4738078	41.3431376
Portugal	Porto	214	Nevogilde	Nevogilde 	Nevogilde ,Porto,Portugal	-8.6870055	41.1685583
Portugal	Porto	215	Gondar	Gondar 	Gondar ,Porto,Portugal	-8.0282989	41.2534661
Portugal	Porto	216	Paço de Rei	Paço de Rei 	Paço de Rei ,Porto,Portugal	-8.6118031	41.123906
Portugal	Porto	217	Montalegre	Montalegre 	Montalegre ,Porto,Portugal	-7.7878704	41.82663
Portugal	Santarém	259	Espite	Espite 	Espite ,Santarém,Portugal	-8.6366807	39.7629395
Portugal	Santarém	260	Ferreira do Zêzere	Ferreira do Zêzere 	Ferreira do Zêzere ,Santarém,Portugal	-8.2905257	39.6932144
Portugal	Santarém	261	Lapas	Lapas 	Lapas ,Santarém,Portugal	-8.555621	39.5068579
Portugal	Santarém	262	Rio Maior	Rio Maior 	Rio Maior ,Santarém,Portugal	-8.942707600000002	39.3384417
Portugal	Santarém	263	Cartaxo	Cartaxo 	Cartaxo ,Santarém,Portugal	-8.7886431	39.1618427
Portugal	Santarém	264	Almeirim	Almeirim 	Almeirim ,Santarém,Portugal	-8.625918799999999	39.2075584
Portugal	Santarém	265	Coruche	Coruche 	Coruche ,Santarém,Portugal	-8.5248217	38.9603055
Portugal	Setúbal	276	Moita	Moita 	Moita ,Setúbal,Portugal	-8.9900856	38.6529133
Portugal	Setúbal	277	Santana	Santana 	Santana ,Setúbal,Portugal	-9.1029917	38.4618994
Portugal	Setúbal	278	Grândola	Grândola 	Grândola ,Setúbal,Portugal	-8.5662971	38.1762557
Portugal	Viana do Castelo	200	Paderne	Paderne 	Paderne ,Viana do Castelo,Portugal	-8.2763688	42.0896769
Portugal	Viana do Castelo	201	Insalde	Insalde 	Insalde ,Viana do Castelo,Portugal	-8.5368309	41.9473681
Portugal	Viana do Castelo	202	Moledo	Moledo 	Moledo ,Viana do Castelo,Portugal	-8.856517499999999	41.8490076
Portugal	Viana do Castelo	203	Portuzelo	Portuzelo 	Portuzelo ,Viana do Castelo,Portugal	-8.7886058	41.70252989999999
Portugal	Viana do Castelo	204	Tamente	Tamente 	Tamente ,Viana do Castelo,Portugal	-8.3243478	41.816469
Portugal	Vila Real	218	Carrazedo de Montenegro	Carrazedo de Montenegro 	Carrazedo de Montenegro ,Vila Real,Portugal	-7.427319499999999	41.5507439
Portugal	Vila Real	219	Vilarinho de Samardã	Vilarinho de Samardã 	Vilarinho de Samardã ,Vila Real,Portugal	-7.703504	41.3823268
Portugal	Viseu	235	São João da Pesqueira	São João da Pesqueira 	São João da Pesqueira ,Viseu,Portugal	-7.405053300000001	41.14773810000001
Portugal	Viseu	236	Moimenta da Beira	Moimenta da Beira 	Moimenta da Beira ,Viseu,Portugal	-7.613923300000001	40.9817183
Portugal	Viseu	237	Vale de Matos	Vale de Matos 	Vale de Matos ,Viseu,Portugal	-7.9436873	40.9061592
Portugal	Viseu	238	Conlela	Conlela 	Conlela ,Viseu,Portugal	-8.2515967	40.7850618
Portugal	Viseu	239	Castendo	Penalva do Castelo 	Penalva do Castelo ,Viseu,Portugal	-7.633112999999999	40.6862295
Portugal	Viseu	240	Eiras de Castelões	Eiras de Castelões 	Eiras de Castelões ,Viseu,Portugal	-8.1437675	40.5491376
